date,day_of_week,posts_collected,cumulative_total
2025-10-05,Sunday,10,10
2025-10-05,Sunday,10,20
2025-10-09,Thursday,10,30
2025-10-09,Thursday,10,40
2025-10-11 16:49:14,2025-10-11,Saturday,rate_limit,0,X API rate limit exceeded
2025-10-11 16:50:36,2025-10-11,Saturday,rate_limit,0,X API rate limit exceeded
2025-10-11 17:06:51,2025-10-11,Saturday,success,100,
2025-10-11 17:38:30,2025-10-11,Saturday,error,0,"Client error '400 Bad Request' for url 'https://api.twitter.com/2/tweets/search/recent?query=%23MSTR+%28STRC+OR+STRK+OR+MicroStrategy+OR+Saylor+OR+Bitcoin+OR+BTC+OR+crypto+OR+cryptocurrency+OR+blockchain+OR+price+OR+market+OR+trading+OR+investment+OR+bullish+OR+bearish+OR+buy+OR+sell+OR+hodl+OR+rally+OR+dump+OR+pump+OR+crash+OR+moon+OR+dip+OR+ATH+OR+halving+OR+mining+OR+wallet+OR+exchange+OR+volatility+OR+adoption+OR+institutional+OR+treasury+OR+strategy+OR+holdings+OR+accumulation+OR+correlation+OR+technical+OR+fundamental+OR+analysis+OR+sentiment+OR+trend+OR+breakout+OR+support+OR+resistance+OR+stock+OR+shares+OR+equity+OR+nasdaq%29+-is%3Aretweet+-is%3Areply+min_retweets%3A1+min_faves%3A2+lang%3Aen&max_results=10&sort_order=relevancy&tweet.fields=created_at%2Cauthor_id%2Cpublic_metrics%2Clang&expansions=author_id&user.fields=username%2Cname%2Cverified%2Cpublic_metrics%2Ccreated_at%2Cdescription&start_time=2025-10-11T08%3A38%3A30.096013Z'
For more information check: https://developer.mozilla.org/en-US/docs/Web/HTTP/Status/400"
2025-10-11 17:38:52,2025-10-11,Saturday,rate_limit,0,X API rate limit exceeded
